{
   "metadata" : {
      "creator" : "Rapid API C++",
      "inputNames" : [ "inputs-1", "inputs-2", "inputs-3" ],
      "numInputs" : 3,
      "numOutputs" : 1,
      "version" : "v0.1.1"
   },
   "modelSet" : [
      {
         "inBases" : [ 0.40550291538238525, -0.77431293576955795, 0.42369675636291504 ],
         "inRanges" : [ 2.4200011491775513, 0.88550809770822525, 2.6651356220245361 ],
         "inputNames" : [ "inputs-1", "inputs-2", "inputs-3" ],
         "modelType" : "Neural Network",
         "nodes" : [
            {
               "Node 1" : -2.7250978252213045,
               "Node 2" : 1.0977570383916859,
               "Node 3" : 3.6491709967878418,
               "Threshold" : 0.58017140535944101,
               "name" : "Linear Node 0"
            },
            {
               "Attrib inputs-1" : -1.8328150455309971,
               "Attrib inputs-2" : 4.0974205222782363,
               "Attrib inputs-3" : 7.7241923072434622,
               "Threshold" : 2.5015985468619397,
               "name" : "Sigmoid Node 1"
            },
            {
               "Attrib inputs-1" : -1.971780879071636,
               "Attrib inputs-2" : 2.3256573464745256,
               "Attrib inputs-3" : -1.0622825853934472,
               "Threshold" : -1.0575348379419733,
               "name" : "Sigmoid Node 2"
            },
            {
               "Attrib inputs-1" : 3.1777091839466909,
               "Attrib inputs-2" : -0.24430643906384347,
               "Attrib inputs-3" : 3.2650358611069525,
               "Threshold" : -1.9190573234652086,
               "name" : "Sigmoid Node 3"
            }
         ],
         "numHiddenLayers" : 1,
         "numHiddenNodes" : 3,
         "numHiddenOutputs" : 1,
         "numInputs" : 3,
         "outBase" : 0.5,
         "outRange" : 0.5,
         "whichInputs" : [ 0, 1, 2 ]
      }
   ]
}
