{
   "metadata" : {
      "creator" : "Rapid API C++",
      "inputNames" : [ "inputs-1", "inputs-2", "inputs-3" ],
      "numInputs" : 3,
      "numOutputs" : 1,
      "version" : "v0.1.1"
   },
   "modelSet" : [
      {
         "inBases" : [ 0, 1.2187210619449615, 0 ],
         "inRanges" : [ 1, 0.37361499667167664, 1 ],
         "inputNames" : [ "inputs-1", "inputs-2", "inputs-3" ],
         "modelType" : "Neural Network",
         "nodes" : [
            {
               "Node 1" : -0.35172751722954954,
               "Node 2" : 1.5400834199475824,
               "Node 3" : 1.1382611182115887,
               "Threshold" : -1.2337413134926243,
               "name" : "Linear Node 0"
            },
            {
               "Attrib inputs-1" : -0.3645229957032195,
               "Attrib inputs-2" : -0.16698092470729056,
               "Attrib inputs-3" : 0.46886777112423139,
               "Threshold" : -0.6303981119531028,
               "name" : "Sigmoid Node 1"
            },
            {
               "Attrib inputs-1" : -0.19183294949299673,
               "Attrib inputs-2" : 2.2404782579804654,
               "Attrib inputs-3" : -0.3116180239528189,
               "Threshold" : 0.056335312776678956,
               "name" : "Sigmoid Node 2"
            },
            {
               "Attrib inputs-1" : 0.4964613255480087,
               "Attrib inputs-2" : 1.804217787656617,
               "Attrib inputs-3" : 0.22583896321188968,
               "Threshold" : 0.010310342860028215,
               "name" : "Sigmoid Node 3"
            }
         ],
         "numHiddenLayers" : 1,
         "numHiddenNodes" : 3,
         "numHiddenOutputs" : 1,
         "numInputs" : 3,
         "outBase" : 0.5,
         "outRange" : 0.5,
         "whichInputs" : [ 0, 1, 2 ]
      }
   ]
}
